<?xml version="1.0" encoding="UTF-8"?>
<JdbcEntitySetup
 xmlns="http://www.ontimize.com/schema/jdbc"
 xmlns:xsi="http://www.w3.org/2001/XMLSchema-instance"
 xsi:schemaLocation="http://www.ontimize.com/schema/jdbc http://www.ontimize.com/schema/jdbc/ontimize-jdbc-dao.xsd"
 catalog="" schema="${mainschema}" table="OFFER_CANDIDATES"
 datasource="mainDataSource" sqlhandler="dbSQLStatementHandler">
 <DeleteKeys>
  <Column>ID</Column>
 </DeleteKeys>
 <UpdateKeys>
  <Column>ID</Column>
 </UpdateKeys>
 <GeneratedKey>ID</GeneratedKey>

 <Queries>
  <Query id="details">
   <AmbiguousColumns>
    <AmbiguousColumn name="DESC_STATUS" prefix="OS"
     databaseName="DESCRIPTION" />
    <AmbiguousColumn name="OFF_STATUS" prefix="OCS"
     databaseName="DESCRIPTION" />
   </AmbiguousColumns>
   <Sentence>
   <![CDATA[
     SELECT
      #COLUMNS#
     FROM
      PUBLIC.OFFER_CANDIDATES OC
     INNER JOIN PUBLIC.OFFER O ON
      OC.OFFER_ID = O.ID
     INNER JOIN PUBLIC.CANDIDATE C ON
      OC.CANDIDATE_ID = C.ID
     INNER JOIN PUBLIC.OFFER_STATUS OS ON
      O.OFFER_STATUS = OS.ID
     INNER JOIN PUBLIC.OFFER_CANDIDATE_STATUS OCS ON
      O.OFFER_STATUS = OCS.ID
     #WHERE#
   ]]>
   </Sentence>
  </Query>
 </Queries>
</JdbcEntitySetup>