<?xml version="1.0" encoding="UTF-8"?>
<JdbcEntitySetup
 xmlns="http://www.ontimize.com/schema/jdbc"
 xmlns:xsi="http://www.w3.org/2001/XMLSchema-instance"
 xsi:schemaLocation="http://www.ontimize.com/schema/jdbc http://www.ontimize.com/schema/jdbc/ontimize-jdbc-dao.xsd"
 catalog="" schema="${mainschema}" table="OFFER"
 datasource="mainDataSource" sqlhandler="dbSQLStatementHandler">
 <DeleteKeys>
  <Column>ID</Column>
 </DeleteKeys>
 <UpdateKeys>
  <Column>ID</Column>
 </UpdateKeys>
 <GeneratedKey>ID</GeneratedKey>
</JdbcEntitySetup>