<?xml version="1.0" encoding="UTF-8"?>
<JdbcEntitySetup
    xmlns="http://www.ontimize.com/schema/jdbc"
    xmlns:xsi="http://www.w3.org/2001/XMLSchema-instance"
    xsi:schemaLocation="http://www.ontimize.com/schema/jdbc http://www.ontimize.com/schema/jdbc/ontimize-jdbc-dao.xsd"
    catalog="" schema="${mainschema}" table="TUSER"
    datasource="mainDataSource" sqlhandler="dbSQLStatementHandler">
    <DeleteKeys>
        <Column>USER_</Column>
    </DeleteKeys>
    <UpdateKeys>
        <Column>USER_</Column>
    </UpdateKeys>
    <GeneratedKey>USER_</GeneratedKey>
    <Queries>
        <Query id="default">
            <ValidColumns>
                <Column>USER_</Column>
                <Column>EMAIL</Column>
                <Column>PASSWORD</Column>
                <Column>NAME</Column>
                <Column>SURNAME</Column>
            </ValidColumns>
            <Sentence>
                <![CDATA[
                    SELECT
                        #COLUMNS#
                    FROM
                        ${mainschema}.TUSER
                    #WHERE#
                ]]>
            </Sentence>
        </Query>    
        <Query id="login">
            <ValidColumns>
                <Column>USER_</Column>
                <Column>EMAIL</Column>
                <Column>PASSWORD</Column>
                <Column>NAME</Column>
                <Column>SURNAME</Column>
            </ValidColumns>
            <Sentence>
                <![CDATA[
                    SELECT 
                        #COLUMNS#
                    FROM                        
                        ${mainschema}.TUSER
                    #WHERE#
                ]]>
            </Sentence>
        </Query>
    </Queries>
</JdbcEntitySetup>